"Config","RMSE_median","NMAE_median"
"ARIMAX_C",28.5596816459729,1.72760580266981
"ARIMAX_D",30.6307232704078,1.84891240239972
"ARIMAX_A",34.7008631620753,2.64652611895578
"ARIMAX_B",44.4385710711176,2.81012199588141
